{
  "version": "1.2.1",
  "manifest_version": 2,
  "name": "Themer Dark",
  "theme": {
    "colors": {
      "bookmark_text": [
        247,
        241,
        213
      ],
      "frame": [
        60,
        47,
        65
      ],
      "ntp_background": [
        7,
        54,
        66
      ],
      "ntp_text": [
        247,
        241,
        213
      ],
      "tab_background_text": [
        247,
        241,
        213
      ],
      "tab_background_text_inactive": [
        247,
        241,
        213
      ],
      "tab_background_text_incognito": [
        247,
        241,
        213
      ],
      "tab_background_text_incognito_inactive": [
        247,
        241,
        213
      ],
      "tab_text": [
        247,
        241,
        213
      ],
      "toolbar": [
        7,
        54,
        66
      ],
      "omnibox_text": [
        247,
        241,
        213
      ],
      "omnibox_background": [
        60,
        47,
        65
      ]
    },
    "tints": {
      "buttons": [
        0.5630952380952383,
        0.5,
        0.5
      ],
      "frame_inactive": [
        -1,
        -1,
        -1
      ],
      "frame_incognito": [
        0.13725490196078421,
        1,
        0.55
      ],
      "frame_incognito_inactive": [
        0.13725490196078421,
        1,
        0.55
      ]
    }
  }
}